[
{
  "model": "competitions.tournament",
  "pk": 7,
  "fields": {
    "created_at": "2025-10-19T13:40:34.047Z",
    "updated_at": "2025-10-25T14:56:14.850Z",
    "name": "MPL Philippines Season 16",
    "slug": "mpl-philippines-s16",
    "region": "PH",
    "tier": "B",
    "start_date": "2025-08-23",
    "end_date": "2025-10-26",
    "status": "ONGOING",
    "prize_pool": null,
    "logo": "tournament/logos/mpl-philippines-s16.png",
    "description": "",
    "rules_link": ""
  }
},
{
  "model": "competitions.tournament",
  "pk": 8,
  "fields": {
    "created_at": "2025-10-20T08:34:10.414Z",
    "updated_at": "2025-10-20T08:34:10.414Z",
    "name": "M7 World Championship",
    "slug": "m7-world-championship",
    "region": "INT",
    "tier": "S",
    "start_date": "2026-01-03",
    "end_date": "2026-01-24",
    "status": "UPCOMING",
    "prize_pool": null,
    "logo": "tournament/logos/m7-world-championship.png",
    "description": "",
    "rules_link": ""
  }
},
{
  "model": "competitions.tournament",
  "pk": 9,
  "fields": {
    "created_at": "2025-10-24T19:15:48.491Z",
    "updated_at": "2025-10-24T19:28:32.020Z",
    "name": "MPL Indonesia Season 16",
    "slug": "mpl-indonesia-season-16",
    "region": "ID",
    "tier": "B",
    "start_date": "2025-08-22",
    "end_date": "2025-11-09",
    "status": "ONGOING",
    "prize_pool": null,
    "logo": "tournament/logos/mpl-indonesia-season-16.png",
    "description": "",
    "rules_link": ""
  }
},
{
  "model": "competitions.tournamentteam",
  "pk": 5,
  "fields": {
    "tournament": 7,
    "team": 6,
    "seed": null,
    "kind": "FRANCHISE",
    "group": "",
    "notes": ""
  }
},
{
  "model": "competitions.tournamentteam",
  "pk": 6,
  "fields": {
    "tournament": 7,
    "team": 7,
    "seed": null,
    "kind": "FRANCHISE",
    "group": "",
    "notes": ""
  }
},
{
  "model": "competitions.tournamentteam",
  "pk": 7,
  "fields": {
    "tournament": 8,
    "team": 6,
    "seed": null,
    "kind": "QUALIFIED",
    "group": "",
    "notes": ""
  }
},
{
  "model": "competitions.tournamentteam",
  "pk": 8,
  "fields": {
    "tournament": 8,
    "team": 7,
    "seed": null,
    "kind": "QUALIFIED",
    "group": "",
    "notes": ""
  }
},
{
  "model": "competitions.tournamentteam",
  "pk": 9,
  "fields": {
    "tournament": 9,
    "team": 10,
    "seed": null,
    "kind": "FRANCHISE",
    "group": "",
    "notes": ""
  }
},
{
  "model": "competitions.tournamentteam",
  "pk": 10,
  "fields": {
    "tournament": 7,
    "team": 8,
    "seed": null,
    "kind": "FRANCHISE",
    "group": "",
    "notes": ""
  }
},
{
  "model": "competitions.tournamentteam",
  "pk": 11,
  "fields": {
    "tournament": 7,
    "team": 9,
    "seed": null,
    "kind": "FRANCHISE",
    "group": "",
    "notes": ""
  }
},
{
  "model": "competitions.tournamentteam",
  "pk": 12,
  "fields": {
    "tournament": 7,
    "team": 11,
    "seed": null,
    "kind": "FRANCHISE",
    "group": "",
    "notes": ""
  }
},
{
  "model": "competitions.tournamentteam",
  "pk": 13,
  "fields": {
    "tournament": 7,
    "team": 12,
    "seed": null,
    "kind": "FRANCHISE",
    "group": "",
    "notes": ""
  }
},
{
  "model": "competitions.tournamentteam",
  "pk": 14,
  "fields": {
    "tournament": 7,
    "team": 13,
    "seed": null,
    "kind": "FRANCHISE",
    "group": "",
    "notes": ""
  }
},
{
  "model": "competitions.tournamentteam",
  "pk": 15,
  "fields": {
    "tournament": 7,
    "team": 14,
    "seed": null,
    "kind": "FRANCHISE",
    "group": "",
    "notes": ""
  }
},
{
  "model": "competitions.stage",
  "pk": 10,
  "fields": {
    "created_at": "2025-10-20T09:33:16.106Z",
    "updated_at": "2025-10-20T09:44:39.210Z",
    "tournament": 7,
    "stage_type": "REGULAR SEASON",
    "slug": "regular-season",
    "variant": "1st Half",
    "order": 1,
    "start_date": "2025-08-23",
    "end_date": "2025-09-14",
    "tier": "3",
    "status": "COMPLETED"
  }
},
{
  "model": "competitions.stage",
  "pk": 11,
  "fields": {
    "created_at": "2025-10-20T09:44:39.218Z",
    "updated_at": "2025-10-20T09:44:39.218Z",
    "tournament": 7,
    "stage_type": "REGULAR SEASON",
    "slug": "",
    "variant": "2hd Half",
    "order": 2,
    "start_date": "2025-09-19",
    "end_date": "2025-10-12",
    "tier": "3",
    "status": "COMPLETED"
  }
},
{
  "model": "competitions.stage",
  "pk": 12,
  "fields": {
    "created_at": "2025-10-20T10:21:43.639Z",
    "updated_at": "2025-10-20T10:21:43.639Z",
    "tournament": 8,
    "stage_type": "WILD CARD",
    "slug": "m7-world-championship-wild-card-o1",
    "variant": "",
    "order": 1,
    "start_date": "2026-01-03",
    "end_date": "2026-01-10",
    "tier": "1",
    "status": "UPCOMING"
  }
},
{
  "model": "competitions.stage",
  "pk": 13,
  "fields": {
    "created_at": "2025-10-24T19:28:32.026Z",
    "updated_at": "2025-10-24T19:28:32.026Z",
    "tournament": 9,
    "stage_type": "REGULAR SEASON",
    "slug": "mpl-indonesia-season-16-regular-season-1st-half-o1",
    "variant": "1st Half",
    "order": 1,
    "start_date": "2025-08-22",
    "end_date": "2025-09-14",
    "tier": "5",
    "status": "COMPLETED"
  }
},
{
  "model": "competitions.stage",
  "pk": 14,
  "fields": {
    "created_at": "2025-10-24T19:29:53.425Z",
    "updated_at": "2025-10-24T19:29:53.425Z",
    "tournament": 9,
    "stage_type": "REGULAR SEASON",
    "slug": "regular-season-2nd-half",
    "variant": "2nd Half",
    "order": 2,
    "start_date": "2025-09-19",
    "end_date": "2025-10-12",
    "tier": "5",
    "status": "COMPLETED"
  }
},
{
  "model": "competitions.series",
  "pk": 9,
  "fields": {
    "created_at": "2025-10-20T11:25:28.293Z",
    "updated_at": "2025-10-20T11:25:28.293Z",
    "tournament": 7,
    "stage": 10,
    "team1": 6,
    "team2": 7,
    "winner": 6,
    "best_of": 3,
    "scheduled_date": "2025-10-20T11:17:20Z",
    "score": "2-1"
  }
},
{
  "model": "competitions.series",
  "pk": 10,
  "fields": {
    "created_at": "2025-10-20T11:26:38.226Z",
    "updated_at": "2025-10-20T11:26:38.226Z",
    "tournament": 8,
    "stage": 12,
    "team1": 6,
    "team2": 7,
    "winner": 7,
    "best_of": 3,
    "scheduled_date": "2025-10-20T11:26:30Z",
    "score": "0-2"
  }
},
{
  "model": "competitions.game",
  "pk": 4,
  "fields": {
    "created_at": "2025-10-20T12:36:42.299Z",
    "updated_at": "2025-10-21T14:27:01.249Z",
    "series": 10,
    "game_no": 1,
    "blue_side": 7,
    "red_side": 6,
    "winner": 7,
    "duration": "00:16:33",
    "vod_link": "",
    "result_type": "NORMAL"
  }
},
{
  "model": "competitions.game",
  "pk": 5,
  "fields": {
    "created_at": "2025-10-20T12:52:38.977Z",
    "updated_at": "2025-10-20T17:43:55.406Z",
    "series": 10,
    "game_no": 2,
    "blue_side": 6,
    "red_side": 7,
    "winner": 7,
    "duration": "00:15:09",
    "vod_link": "",
    "result_type": "NORMAL"
  }
},
{
  "model": "competitions.game",
  "pk": 6,
  "fields": {
    "created_at": "2025-10-20T15:33:53.893Z",
    "updated_at": "2025-10-20T15:33:53.893Z",
    "series": 9,
    "game_no": 1,
    "blue_side": 7,
    "red_side": 6,
    "winner": 7,
    "duration": "00:10:33",
    "vod_link": "",
    "result_type": "NORMAL"
  }
},
{
  "model": "competitions.game",
  "pk": 7,
  "fields": {
    "created_at": "2025-10-20T15:41:16.240Z",
    "updated_at": "2025-10-20T17:32:08.257Z",
    "series": 9,
    "game_no": 2,
    "blue_side": 6,
    "red_side": 7,
    "winner": 6,
    "duration": "00:24:00",
    "vod_link": "",
    "result_type": "NORMAL"
  }
},
{
  "model": "competitions.game",
  "pk": 8,
  "fields": {
    "created_at": "2025-10-20T17:36:51.891Z",
    "updated_at": "2025-10-21T13:25:23.029Z",
    "series": 9,
    "game_no": 3,
    "blue_side": 6,
    "red_side": 7,
    "winner": 6,
    "duration": "00:12:56",
    "vod_link": "",
    "result_type": "NORMAL"
  }
},
{
  "model": "competitions.game",
  "pk": 9,
  "fields": {
    "created_at": "2025-10-21T13:32:47.573Z",
    "updated_at": "2025-10-21T13:32:47.573Z",
    "series": 10,
    "game_no": 3,
    "blue_side": 6,
    "red_side": 7,
    "winner": 6,
    "duration": null,
    "vod_link": "",
    "result_type": "FORFEIT_TEAM2"
  }
},
{
  "model": "competitions.teamgamestat",
  "pk": 1,
  "fields": {
    "created_at": "2025-10-20T15:33:53.899Z",
    "updated_at": "2025-10-20T15:33:53.899Z",
    "game": 6,
    "team": 7,
    "side": "BLUE",
    "tower_destroyed": 3,
    "lord_kills": 2,
    "turtle_kills": 2,
    "orange_buff": 4,
    "purple_buff": 3,
    "game_result": "VICTORY",
    "gold": 45355,
    "t_score": 23
  }
},
{
  "model": "competitions.teamgamestat",
  "pk": 2,
  "fields": {
    "created_at": "2025-10-20T15:33:53.908Z",
    "updated_at": "2025-10-20T15:33:53.908Z",
    "game": 6,
    "team": 6,
    "side": "RED",
    "tower_destroyed": 1,
    "lord_kills": 1,
    "turtle_kills": 1,
    "orange_buff": 3,
    "purple_buff": 5,
    "game_result": "DEFEAT",
    "gold": 34000,
    "t_score": 12
  }
},
{
  "model": "competitions.teamgamestat",
  "pk": 3,
  "fields": {
    "created_at": "2025-10-20T17:18:31.078Z",
    "updated_at": "2025-10-20T17:32:08.271Z",
    "game": 7,
    "team": 6,
    "side": "BLUE",
    "tower_destroyed": 7,
    "lord_kills": 3,
    "turtle_kills": 3,
    "orange_buff": 8,
    "purple_buff": 7,
    "game_result": "VICTORY",
    "gold": 43800,
    "t_score": 25
  }
},
{
  "model": "competitions.teamgamestat",
  "pk": 4,
  "fields": {
    "created_at": "2025-10-20T17:18:31.094Z",
    "updated_at": "2025-10-20T17:32:08.263Z",
    "game": 7,
    "team": 7,
    "side": "RED",
    "tower_destroyed": 0,
    "lord_kills": 0,
    "turtle_kills": 0,
    "orange_buff": 3,
    "purple_buff": 3,
    "game_result": "DEFEAT",
    "gold": 32999,
    "t_score": 12
  }
},
{
  "model": "competitions.teamgamestat",
  "pk": 5,
  "fields": {
    "created_at": "2025-10-20T17:38:09.075Z",
    "updated_at": "2025-10-21T13:24:51.895Z",
    "game": 8,
    "team": 6,
    "side": "BLUE",
    "tower_destroyed": 7,
    "lord_kills": 3,
    "turtle_kills": 0,
    "orange_buff": 9,
    "purple_buff": 8,
    "game_result": "VICTORY",
    "gold": 76999,
    "t_score": 5
  }
},
{
  "model": "competitions.teamgamestat",
  "pk": 6,
  "fields": {
    "created_at": "2025-10-20T17:41:31.939Z",
    "updated_at": "2025-10-21T13:24:51.889Z",
    "game": 8,
    "team": 7,
    "side": "RED",
    "tower_destroyed": 5,
    "lord_kills": 4,
    "turtle_kills": 3,
    "orange_buff": 8,
    "purple_buff": 9,
    "game_result": "DEFEAT",
    "gold": 56991,
    "t_score": 4
  }
},
{
  "model": "competitions.teamgamestat",
  "pk": 7,
  "fields": {
    "created_at": "2025-10-20T17:43:55.414Z",
    "updated_at": "2025-10-20T17:43:55.414Z",
    "game": 5,
    "team": 6,
    "side": "BLUE",
    "tower_destroyed": 0,
    "lord_kills": 0,
    "turtle_kills": 0,
    "orange_buff": 0,
    "purple_buff": 0,
    "game_result": "DEFEAT",
    "gold": 0,
    "t_score": 0
  }
},
{
  "model": "competitions.teamgamestat",
  "pk": 8,
  "fields": {
    "created_at": "2025-10-20T17:43:55.425Z",
    "updated_at": "2025-10-20T17:43:55.426Z",
    "game": 5,
    "team": 7,
    "side": "RED",
    "tower_destroyed": 0,
    "lord_kills": 0,
    "turtle_kills": 0,
    "orange_buff": 0,
    "purple_buff": 0,
    "game_result": "VICTORY",
    "gold": 0,
    "t_score": 0
  }
},
{
  "model": "competitions.teamgamestat",
  "pk": 9,
  "fields": {
    "created_at": "2025-10-21T13:37:04.683Z",
    "updated_at": "2025-10-21T14:26:42.733Z",
    "game": 4,
    "team": 6,
    "side": "RED",
    "tower_destroyed": 0,
    "lord_kills": 0,
    "turtle_kills": 0,
    "orange_buff": 0,
    "purple_buff": 0,
    "game_result": "DEFEAT",
    "gold": 0,
    "t_score": 0
  }
},
{
  "model": "competitions.teamgamestat",
  "pk": 10,
  "fields": {
    "created_at": "2025-10-21T13:37:04.690Z",
    "updated_at": "2025-10-21T14:26:42.750Z",
    "game": 4,
    "team": 7,
    "side": "BLUE",
    "tower_destroyed": 0,
    "lord_kills": 0,
    "turtle_kills": 0,
    "orange_buff": 0,
    "purple_buff": 0,
    "game_result": "VICTORY",
    "gold": 0,
    "t_score": 0
  }
},
{
  "model": "teams.team",
  "pk": 6,
  "fields": {
    "created_at": "2025-10-19T13:14:59.923Z",
    "updated_at": "2025-10-24T16:44:31.944Z",
    "name": "Aurora Gaming",
    "slug": "aurora-gaming",
    "short_name": "RORA",
    "region": "PH",
    "logo": "team_logos/aurora-gaming_EgDGFVE.png",
    "achievements": "",
    "founded_year": null,
    "is_active": true,
    "description": "",
    "website": "",
    "x": "",
    "facebook": "",
    "youtube": ""
  }
},
{
  "model": "teams.team",
  "pk": 7,
  "fields": {
    "created_at": "2025-10-19T13:21:54.561Z",
    "updated_at": "2025-10-19T13:35:56.334Z",
    "name": "ONIC PH",
    "slug": "onic-ph",
    "short_name": "ONIC",
    "region": "PH",
    "logo": "team_logos/onic-ph_BwFK12h.png",
    "achievements": "",
    "founded_year": null,
    "is_active": true,
    "description": "",
    "website": "",
    "x": "",
    "facebook": "",
    "youtube": ""
  }
},
{
  "model": "teams.team",
  "pk": 8,
  "fields": {
    "created_at": "2025-10-19T14:12:10.470Z",
    "updated_at": "2025-10-25T16:27:17.446Z",
    "name": "AP BREN",
    "slug": "ap-bren",
    "short_name": "APBR",
    "region": "PH",
    "logo": "team_logos/ap-bren.png",
    "achievements": "",
    "founded_year": null,
    "is_active": true,
    "description": "",
    "website": "",
    "x": "",
    "facebook": "",
    "youtube": ""
  }
},
{
  "model": "teams.team",
  "pk": 9,
  "fields": {
    "created_at": "2025-10-24T05:59:37.163Z",
    "updated_at": "2025-10-25T15:47:45.527Z",
    "name": "Smart Omega",
    "slug": "smart-omega",
    "short_name": "OMG",
    "region": "PH",
    "logo": "team_logos/smart-omega.png",
    "achievements": "",
    "founded_year": null,
    "is_active": true,
    "description": "",
    "website": "",
    "x": "",
    "facebook": "",
    "youtube": ""
  }
},
{
  "model": "teams.team",
  "pk": 10,
  "fields": {
    "created_at": "2025-10-24T19:19:53.570Z",
    "updated_at": "2025-10-25T14:58:21.909Z",
    "name": "Alter Ego Esports",
    "slug": "alter-ego-esports",
    "short_name": "AE",
    "region": "ID",
    "logo": "team_logos/alter-ego-esports.png",
    "achievements": "",
    "founded_year": null,
    "is_active": true,
    "description": "",
    "website": "",
    "x": "",
    "facebook": "",
    "youtube": ""
  }
},
{
  "model": "teams.team",
  "pk": 11,
  "fields": {
    "created_at": "2025-10-25T14:51:18.542Z",
    "updated_at": "2025-10-25T15:57:24.114Z",
    "name": "Team Falcons",
    "slug": "team-falcons",
    "short_name": "FLCN",
    "region": "PH",
    "logo": "team_logos/team-falcons.png",
    "achievements": "",
    "founded_year": null,
    "is_active": true,
    "description": "",
    "website": "",
    "x": "",
    "facebook": "",
    "youtube": ""
  }
},
{
  "model": "teams.team",
  "pk": 12,
  "fields": {
    "created_at": "2025-10-25T14:52:02.903Z",
    "updated_at": "2025-10-25T16:13:19.448Z",
    "name": "Team Liquid",
    "slug": "team-liquid",
    "short_name": "TLPH",
    "region": "PH",
    "logo": "team_logos/team-liquid.png",
    "achievements": "",
    "founded_year": null,
    "is_active": true,
    "description": "",
    "website": "",
    "x": "",
    "facebook": "",
    "youtube": ""
  }
},
{
  "model": "teams.team",
  "pk": 13,
  "fields": {
    "created_at": "2025-10-25T14:52:42.154Z",
    "updated_at": "2025-10-25T16:05:31.077Z",
    "name": "TNC Pro Team",
    "slug": "tnc-pro-team",
    "short_name": "TNC",
    "region": "PH",
    "logo": "team_logos/tnc-pro-team.png",
    "achievements": "",
    "founded_year": null,
    "is_active": true,
    "description": "",
    "website": "",
    "x": "",
    "facebook": "",
    "youtube": ""
  }
},
{
  "model": "teams.team",
  "pk": 14,
  "fields": {
    "created_at": "2025-10-25T14:53:09.287Z",
    "updated_at": "2025-10-25T16:24:01.162Z",
    "name": "Twisted Minds PH",
    "slug": "twisted-minds-ph",
    "short_name": "TWIS",
    "region": "PH",
    "logo": "team_logos/twisted-minds-ph.png",
    "achievements": "",
    "founded_year": null,
    "is_active": true,
    "description": "",
    "website": "",
    "x": "",
    "facebook": "",
    "youtube": ""
  }
},
{
  "model": "players.player",
  "pk": 8,
  "fields": {
    "created_at": "2025-10-19T05:42:25.084Z",
    "updated_at": "2025-10-19T05:42:56.719Z",
    "name": "Demonkite",
    "slug": "demonkite",
    "ign": "Demonkite",
    "photo": "player/photos/demonkite_CwZoPfg.png",
    "role": "JUNGLE",
    "date_of_birth": null,
    "nationality": "PH",
    "is_active": true,
    "achievements": "",
    "x": "",
    "facebook": "",
    "instagram": "",
    "youtube": ""
  }
},
{
  "model": "players.player",
  "pk": 9,
  "fields": {
    "created_at": "2025-10-19T05:43:39.118Z",
    "updated_at": "2025-10-19T05:43:39.118Z",
    "name": "Domengkite",
    "slug": "domengkite",
    "ign": "Domengkite",
    "photo": "player/photos/domengkite_Ctclfd8.png",
    "role": "GOLD",
    "date_of_birth": null,
    "nationality": "PH",
    "is_active": true,
    "achievements": "",
    "x": "",
    "facebook": "",
    "instagram": "",
    "youtube": ""
  }
},
{
  "model": "players.player",
  "pk": 10,
  "fields": {
    "created_at": "2025-10-19T05:44:09.620Z",
    "updated_at": "2025-10-19T05:44:09.620Z",
    "name": "Edward",
    "slug": "edward",
    "ign": "Edward",
    "photo": "player/photos/edward_Vd1AEhR.png",
    "role": "EXP",
    "date_of_birth": null,
    "nationality": "PH",
    "is_active": true,
    "achievements": "",
    "x": "",
    "facebook": "",
    "instagram": "",
    "youtube": ""
  }
},
{
  "model": "players.player",
  "pk": 11,
  "fields": {
    "created_at": "2025-10-19T06:05:50.708Z",
    "updated_at": "2025-10-19T06:05:50.708Z",
    "name": "Super Frince",
    "slug": "super-frince",
    "ign": "Super Frince",
    "photo": "player/photos/super-frince.png",
    "role": "MID",
    "date_of_birth": null,
    "nationality": "PH",
    "is_active": true,
    "achievements": "",
    "x": "",
    "facebook": "",
    "instagram": "",
    "youtube": ""
  }
},
{
  "model": "players.player",
  "pk": 12,
  "fields": {
    "created_at": "2025-10-19T13:17:29.173Z",
    "updated_at": "2025-10-19T13:17:29.174Z",
    "name": "Light",
    "slug": "light",
    "ign": "Light",
    "photo": "player/photos/light.png",
    "role": "ROAM",
    "date_of_birth": null,
    "nationality": "PH",
    "is_active": true,
    "achievements": "",
    "x": "",
    "facebook": "",
    "instagram": "",
    "youtube": ""
  }
},
{
  "model": "players.player",
  "pk": 13,
  "fields": {
    "created_at": "2025-10-19T13:18:10.628Z",
    "updated_at": "2025-10-19T13:18:10.628Z",
    "name": "Calad",
    "slug": "calad",
    "ign": "Calad",
    "photo": "player/photos/calad.png",
    "role": "JUNGLE",
    "date_of_birth": null,
    "nationality": "PH",
    "is_active": true,
    "achievements": "",
    "x": "",
    "facebook": "",
    "instagram": "",
    "youtube": ""
  }
},
{
  "model": "players.player",
  "pk": 14,
  "fields": {
    "created_at": "2025-10-19T13:18:49.510Z",
    "updated_at": "2025-10-19T13:18:49.510Z",
    "name": "Yue",
    "slug": "yue",
    "ign": "Yue",
    "photo": "player/photos/yue.png",
    "role": "MID",
    "date_of_birth": null,
    "nationality": "PH",
    "is_active": true,
    "achievements": "",
    "x": "",
    "facebook": "",
    "instagram": "",
    "youtube": ""
  }
},
{
  "model": "players.player",
  "pk": 15,
  "fields": {
    "created_at": "2025-10-19T13:28:57.245Z",
    "updated_at": "2025-10-19T13:28:57.245Z",
    "name": "Ryota",
    "slug": "ryota",
    "ign": "Ryota.",
    "photo": "player/photos/ryota.png",
    "role": "EXP",
    "date_of_birth": null,
    "nationality": "PH",
    "is_active": true,
    "achievements": "",
    "x": "",
    "facebook": "",
    "instagram": "",
    "youtube": ""
  }
},
{
  "model": "players.player",
  "pk": 16,
  "fields": {
    "created_at": "2025-10-19T13:29:26.569Z",
    "updated_at": "2025-10-19T13:29:26.569Z",
    "name": "Hate",
    "slug": "hate",
    "ign": "Hate",
    "photo": "player/photos/hate.png",
    "role": "MID",
    "date_of_birth": null,
    "nationality": "PH",
    "is_active": true,
    "achievements": "",
    "x": "",
    "facebook": "",
    "instagram": "",
    "youtube": ""
  }
},
{
  "model": "players.player",
  "pk": 17,
  "fields": {
    "created_at": "2025-10-19T13:30:57.519Z",
    "updated_at": "2025-10-19T13:30:57.519Z",
    "name": "Kelra",
    "slug": "kelra",
    "ign": "Kelra",
    "photo": "player/photos/kelra.png",
    "role": "GOLD",
    "date_of_birth": null,
    "nationality": "PH",
    "is_active": true,
    "achievements": "",
    "x": "",
    "facebook": "",
    "instagram": "",
    "youtube": ""
  }
},
{
  "model": "players.player",
  "pk": 18,
  "fields": {
    "created_at": "2025-10-19T13:31:30.752Z",
    "updated_at": "2025-10-19T13:31:30.752Z",
    "name": "KINGKONG",
    "slug": "k1ngkong",
    "ign": "K1NGKONG",
    "photo": "player/photos/k1ngkong.png",
    "role": "JUNGLE",
    "date_of_birth": null,
    "nationality": "PH",
    "is_active": true,
    "achievements": "",
    "x": "",
    "facebook": "",
    "instagram": "",
    "youtube": ""
  }
},
{
  "model": "players.player",
  "pk": 19,
  "fields": {
    "created_at": "2025-10-19T13:31:57.429Z",
    "updated_at": "2025-10-19T13:31:57.429Z",
    "name": "Kirk",
    "slug": "kirk",
    "ign": "Kirk",
    "photo": "player/photos/kirk.png",
    "role": "EXP",
    "date_of_birth": null,
    "nationality": "PH",
    "is_active": true,
    "achievements": "",
    "x": "",
    "facebook": "",
    "instagram": "",
    "youtube": ""
  }
},
{
  "model": "players.player",
  "pk": 20,
  "fields": {
    "created_at": "2025-10-19T13:32:27.366Z",
    "updated_at": "2025-10-19T13:32:27.366Z",
    "name": "Brusko",
    "slug": "brusko",
    "ign": "Brusko",
    "photo": "player/photos/brusko.png",
    "role": "ROAM",
    "date_of_birth": null,
    "nationality": "PH",
    "is_active": true,
    "achievements": "",
    "x": "",
    "facebook": "",
    "instagram": "",
    "youtube": ""
  }
},
{
  "model": "players.player",
  "pk": 21,
  "fields": {
    "created_at": "2025-10-24T06:33:14.131Z",
    "updated_at": "2025-10-24T06:33:14.131Z",
    "name": "Ch4knu",
    "slug": "ch4knu",
    "ign": "Ch4knu",
    "photo": "player/photos/ch4knu.png",
    "role": "ROAM",
    "date_of_birth": null,
    "nationality": "PH",
    "is_active": true,
    "achievements": "",
    "x": "",
    "facebook": "",
    "instagram": "",
    "youtube": ""
  }
},
{
  "model": "players.player",
  "pk": 22,
  "fields": {
    "created_at": "2025-10-24T15:50:15.556Z",
    "updated_at": "2025-10-24T15:50:15.556Z",
    "name": "Raizen",
    "slug": "raizen",
    "ign": "Raizen",
    "photo": "player/photos/raizen.png",
    "role": "JUNGLE",
    "date_of_birth": null,
    "nationality": "PH",
    "is_active": true,
    "achievements": "",
    "x": "",
    "facebook": "",
    "instagram": "",
    "youtube": ""
  }
},
{
  "model": "players.player",
  "pk": 23,
  "fields": {
    "created_at": "2025-10-25T15:04:17.081Z",
    "updated_at": "2025-10-25T15:04:17.081Z",
    "name": "chovskrt",
    "slug": "chovskrt",
    "ign": "chovskrt",
    "photo": "player/photos/chovskrt.png",
    "role": "MID",
    "date_of_birth": null,
    "nationality": "PH",
    "is_active": true,
    "achievements": "",
    "x": "",
    "facebook": "",
    "instagram": "",
    "youtube": ""
  }
},
{
  "model": "players.player",
  "pk": 24,
  "fields": {
    "created_at": "2025-10-25T15:06:31.838Z",
    "updated_at": "2025-10-25T15:06:54.627Z",
    "name": "JamesPangks",
    "slug": "jamespangks",
    "ign": "JamesPangks.",
    "photo": "player/photos/jamespangks.png",
    "role": "JUNGLE",
    "date_of_birth": null,
    "nationality": "PH",
    "is_active": true,
    "achievements": "",
    "x": "",
    "facebook": "",
    "instagram": "",
    "youtube": ""
  }
},
{
  "model": "players.player",
  "pk": 25,
  "fields": {
    "created_at": "2025-10-25T15:07:41.421Z",
    "updated_at": "2025-10-25T15:14:32.312Z",
    "name": "shizou",
    "slug": "shizou",
    "ign": "shizou",
    "photo": "player/photos/shizou.png",
    "role": "GOLD",
    "date_of_birth": null,
    "nationality": "PH",
    "is_active": true,
    "achievements": "",
    "x": "",
    "facebook": "",
    "instagram": "",
    "youtube": ""
  }
},
{
  "model": "players.player",
  "pk": 26,
  "fields": {
    "created_at": "2025-10-25T15:08:43.751Z",
    "updated_at": "2025-10-25T15:08:43.751Z",
    "name": "Aqua",
    "slug": "aqua",
    "ign": "Aqua",
    "photo": "player/photos/aqua.png",
    "role": "MID",
    "date_of_birth": null,
    "nationality": "PH",
    "is_active": true,
    "achievements": "",
    "x": "",
    "facebook": "",
    "instagram": "",
    "youtube": ""
  }
},
{
  "model": "players.player",
  "pk": 27,
  "fields": {
    "created_at": "2025-10-25T15:11:13.252Z",
    "updated_at": "2025-10-25T15:11:13.252Z",
    "name": "Lord JM",
    "slug": "lord-jm",
    "ign": "Lord JM",
    "photo": "player/photos/lord-jm.png",
    "role": "EXP",
    "date_of_birth": null,
    "nationality": "PH",
    "is_active": true,
    "achievements": "",
    "x": "",
    "facebook": "",
    "instagram": "",
    "youtube": ""
  }
},
{
  "model": "players.player",
  "pk": 28,
  "fields": {
    "created_at": "2025-10-25T15:27:41.462Z",
    "updated_at": "2025-10-25T15:27:41.462Z",
    "name": "SUPERYOSHI",
    "slug": "superyoshi",
    "ign": "SUPERYOSHI",
    "photo": "player/photos/superyoshi.png",
    "role": "ROAM",
    "date_of_birth": null,
    "nationality": "PH",
    "is_active": true,
    "achievements": "",
    "x": "",
    "facebook": "",
    "instagram": "",
    "youtube": ""
  }
},
{
  "model": "players.player",
  "pk": 29,
  "fields": {
    "created_at": "2025-10-25T15:29:12.517Z",
    "updated_at": "2025-10-25T15:29:12.517Z",
    "name": "Jeymz",
    "slug": "jeymz",
    "ign": "Jeymz",
    "photo": "player/photos/jeymz.png",
    "role": "EXP",
    "date_of_birth": null,
    "nationality": "PH",
    "is_active": true,
    "achievements": "",
    "x": "",
    "facebook": "",
    "instagram": "",
    "youtube": ""
  }
},
{
  "model": "players.player",
  "pk": 30,
  "fields": {
    "created_at": "2025-10-25T15:29:50.785Z",
    "updated_at": "2025-10-25T15:29:50.785Z",
    "name": "Netzkie",
    "slug": "netzkie",
    "ign": "Netzkie",
    "photo": "player/photos/netzkie.png",
    "role": "GOLD",
    "date_of_birth": null,
    "nationality": "PH",
    "is_active": true,
    "achievements": "",
    "x": "",
    "facebook": "",
    "instagram": "",
    "youtube": ""
  }
},
{
  "model": "players.player",
  "pk": 31,
  "fields": {
    "created_at": "2025-10-25T15:30:19.196Z",
    "updated_at": "2025-10-25T15:30:19.196Z",
    "name": "Peuder",
    "slug": "peuder",
    "ign": "Peuder",
    "photo": "player/photos/peuder.png",
    "role": "JUNGLE",
    "date_of_birth": null,
    "nationality": "PH",
    "is_active": true,
    "achievements": "",
    "x": "",
    "facebook": "",
    "instagram": "",
    "youtube": ""
  }
},
{
  "model": "players.player",
  "pk": 32,
  "fields": {
    "created_at": "2025-10-25T15:31:21.440Z",
    "updated_at": "2025-10-25T15:31:21.440Z",
    "name": "Hadji",
    "slug": "hadji",
    "ign": "Hadji",
    "photo": "player/photos/hadji.png",
    "role": "MID",
    "date_of_birth": null,
    "nationality": "PH",
    "is_active": true,
    "achievements": "",
    "x": "",
    "facebook": "",
    "instagram": "",
    "youtube": ""
  }
},
{
  "model": "players.player",
  "pk": 33,
  "fields": {
    "created_at": "2025-10-25T15:52:45.830Z",
    "updated_at": "2025-10-25T15:52:45.830Z",
    "name": "Pheww",
    "slug": "pheww",
    "ign": "Pheww",
    "photo": "player/photos/pheww.png",
    "role": "MID",
    "date_of_birth": null,
    "nationality": "PH",
    "is_active": true,
    "achievements": "",
    "x": "",
    "facebook": "",
    "instagram": "",
    "youtube": ""
  }
},
{
  "model": "players.player",
  "pk": 34,
  "fields": {
    "created_at": "2025-10-25T15:53:16.084Z",
    "updated_at": "2025-10-25T15:53:16.084Z",
    "name": "FlapTzy",
    "slug": "flaptzy",
    "ign": "FlapTzy",
    "photo": "player/photos/flaptzy.png",
    "role": "EXP",
    "date_of_birth": null,
    "nationality": "PH",
    "is_active": true,
    "achievements": "",
    "x": "",
    "facebook": "",
    "instagram": "",
    "youtube": ""
  }
},
{
  "model": "players.player",
  "pk": 35,
  "fields": {
    "created_at": "2025-10-25T15:53:52.246Z",
    "updated_at": "2025-10-25T15:53:52.246Z",
    "name": "KyleTzy",
    "slug": "kyletzy",
    "ign": "KyleTzy",
    "photo": "player/photos/kyletzy.png",
    "role": "JUNGLE",
    "date_of_birth": null,
    "nationality": "PH",
    "is_active": true,
    "achievements": "",
    "x": "",
    "facebook": "",
    "instagram": "",
    "youtube": ""
  }
},
{
  "model": "players.player",
  "pk": 36,
  "fields": {
    "created_at": "2025-10-25T15:54:13.258Z",
    "updated_at": "2025-10-25T15:54:13.258Z",
    "name": "Owgwen",
    "slug": "owgwen",
    "ign": "Owgwen",
    "photo": "player/photos/owgwen.png",
    "role": "ROAM",
    "date_of_birth": null,
    "nationality": "PH",
    "is_active": true,
    "achievements": "",
    "x": "",
    "facebook": "",
    "instagram": "",
    "youtube": ""
  }
},
{
  "model": "players.player",
  "pk": 37,
  "fields": {
    "created_at": "2025-10-25T15:54:45.198Z",
    "updated_at": "2025-10-25T15:54:45.198Z",
    "name": "Super Marco",
    "slug": "super-marco",
    "ign": "SUPER MARCO",
    "photo": "player/photos/super-marco.png",
    "role": "GOLD",
    "date_of_birth": null,
    "nationality": "PH",
    "is_active": true,
    "achievements": "",
    "x": "",
    "facebook": "",
    "instagram": "",
    "youtube": ""
  }
},
{
  "model": "players.player",
  "pk": 38,
  "fields": {
    "created_at": "2025-10-25T15:55:29.339Z",
    "updated_at": "2025-10-25T16:03:18.832Z",
    "name": "Ferdz",
    "slug": "ferdz",
    "ign": "Ferdz.",
    "photo": "player/photos/ferdz.png",
    "role": "EXP",
    "date_of_birth": null,
    "nationality": "PH",
    "is_active": true,
    "achievements": "",
    "x": "",
    "facebook": "",
    "instagram": "",
    "youtube": ""
  }
},
{
  "model": "players.player",
  "pk": 39,
  "fields": {
    "created_at": "2025-10-25T15:59:46.126Z",
    "updated_at": "2025-10-25T15:59:46.127Z",
    "name": "LanceCy",
    "slug": "lancecy",
    "ign": "LanceCy",
    "photo": "player/photos/lancecy.png",
    "role": "MID",
    "date_of_birth": null,
    "nationality": "PH",
    "is_active": true,
    "achievements": "",
    "x": "",
    "facebook": "",
    "instagram": "",
    "youtube": ""
  }
},
{
  "model": "players.player",
  "pk": 40,
  "fields": {
    "created_at": "2025-10-25T16:00:32.108Z",
    "updated_at": "2025-10-25T16:00:32.108Z",
    "name": "3MAR",
    "slug": "3mar",
    "ign": "3MAR",
    "photo": "player/photos/3mar.png",
    "role": "EXP",
    "date_of_birth": null,
    "nationality": "PH",
    "is_active": true,
    "achievements": "",
    "x": "",
    "facebook": "",
    "instagram": "",
    "youtube": ""
  }
},
{
  "model": "players.player",
  "pk": 41,
  "fields": {
    "created_at": "2025-10-25T16:01:08.224Z",
    "updated_at": "2025-10-25T16:01:08.224Z",
    "name": "Bennyqt",
    "slug": "bennyqt",
    "ign": "Bennyqt",
    "photo": "player/photos/bennyqt.png",
    "role": "GOLD",
    "date_of_birth": null,
    "nationality": "PH",
    "is_active": true,
    "achievements": "",
    "x": "",
    "facebook": "",
    "instagram": "",
    "youtube": ""
  }
},
{
  "model": "players.player",
  "pk": 42,
  "fields": {
    "created_at": "2025-10-25T16:01:39.191Z",
    "updated_at": "2025-10-25T16:01:39.191Z",
    "name": "FindingHito",
    "slug": "findinghito",
    "ign": "FindingHito",
    "photo": "player/photos/findinghito.png",
    "role": "GOLD",
    "date_of_birth": null,
    "nationality": "PH",
    "is_active": true,
    "achievements": "",
    "x": "",
    "facebook": "",
    "instagram": "",
    "youtube": ""
  }
},
{
  "model": "players.player",
  "pk": 43,
  "fields": {
    "created_at": "2025-10-25T16:02:41.806Z",
    "updated_at": "2025-10-25T16:02:41.806Z",
    "name": "Zaida",
    "slug": "zaida",
    "ign": "Zaida",
    "photo": "player/photos/zaida.png",
    "role": "JUNGLE",
    "date_of_birth": null,
    "nationality": "PH",
    "is_active": true,
    "achievements": "",
    "x": "",
    "facebook": "",
    "instagram": "",
    "youtube": ""
  }
},
{
  "model": "players.player",
  "pk": 44,
  "fields": {
    "created_at": "2025-10-25T16:07:57.787Z",
    "updated_at": "2025-10-25T16:07:57.787Z",
    "name": "KarlTzy",
    "slug": "karltzy",
    "ign": "KarlTzy",
    "photo": "player/photos/karltzy.png",
    "role": "JUNGLE",
    "date_of_birth": null,
    "nationality": "PH",
    "is_active": true,
    "achievements": "",
    "x": "",
    "facebook": "",
    "instagram": "",
    "youtube": ""
  }
},
{
  "model": "players.player",
  "pk": 45,
  "fields": {
    "created_at": "2025-10-25T16:08:22.888Z",
    "updated_at": "2025-10-25T16:08:22.888Z",
    "name": "Jaypee",
    "slug": "jaypee",
    "ign": "Jaypee",
    "photo": "player/photos/jaypee.png",
    "role": "ROAM",
    "date_of_birth": null,
    "nationality": "PH",
    "is_active": true,
    "achievements": "",
    "x": "",
    "facebook": "",
    "instagram": "",
    "youtube": ""
  }
},
{
  "model": "players.player",
  "pk": 46,
  "fields": {
    "created_at": "2025-10-25T16:08:47.528Z",
    "updated_at": "2025-10-25T16:08:47.528Z",
    "name": "SanFord",
    "slug": "sanford",
    "ign": "SanFord",
    "photo": "player/photos/sanford.png",
    "role": "EXP",
    "date_of_birth": null,
    "nationality": "PH",
    "is_active": true,
    "achievements": "",
    "x": "",
    "facebook": "",
    "instagram": "",
    "youtube": ""
  }
},
{
  "model": "players.player",
  "pk": 47,
  "fields": {
    "created_at": "2025-10-25T16:09:16.736Z",
    "updated_at": "2025-10-25T16:09:16.736Z",
    "name": "Sanji",
    "slug": "sanji",
    "ign": "Sanji",
    "photo": "player/photos/sanji.png",
    "role": "MID",
    "date_of_birth": null,
    "nationality": "PH",
    "is_active": true,
    "achievements": "",
    "x": "",
    "facebook": "",
    "instagram": "",
    "youtube": ""
  }
},
{
  "model": "players.player",
  "pk": 48,
  "fields": {
    "created_at": "2025-10-25T16:09:40.749Z",
    "updated_at": "2025-10-25T16:09:40.749Z",
    "name": "OHEB",
    "slug": "oheb",
    "ign": "OHEB",
    "photo": "player/photos/oheb.png",
    "role": "GOLD",
    "date_of_birth": null,
    "nationality": "PH",
    "is_active": true,
    "achievements": "",
    "x": "",
    "facebook": "",
    "instagram": "",
    "youtube": ""
  }
},
{
  "model": "players.player",
  "pk": 49,
  "fields": {
    "created_at": "2025-10-25T16:10:15.650Z",
    "updated_at": "2025-10-25T16:10:15.650Z",
    "name": "Perkziva",
    "slug": "perkziva",
    "ign": "Perkziva",
    "photo": "player/photos/perkziva.png",
    "role": "ROAM",
    "date_of_birth": null,
    "nationality": "PH",
    "is_active": true,
    "achievements": "",
    "x": "",
    "facebook": "",
    "instagram": "",
    "youtube": ""
  }
},
{
  "model": "players.player",
  "pk": 50,
  "fields": {
    "created_at": "2025-10-25T16:17:49.550Z",
    "updated_at": "2025-10-25T16:17:49.550Z",
    "name": "MP the King",
    "slug": "mp-the-king",
    "ign": "MP the King",
    "photo": "player/photos/mp-the-king.png",
    "role": "JUNGLE",
    "date_of_birth": null,
    "nationality": "PH",
    "is_active": true,
    "achievements": "",
    "x": "",
    "facebook": "",
    "instagram": "",
    "youtube": ""
  }
},
{
  "model": "players.player",
  "pk": 51,
  "fields": {
    "created_at": "2025-10-25T16:18:19.798Z",
    "updated_at": "2025-10-25T16:18:19.798Z",
    "name": "Sensui",
    "slug": "sensui",
    "ign": "Sensui",
    "photo": "player/photos/sensui.png",
    "role": "JUNGLE",
    "date_of_birth": null,
    "nationality": "PH",
    "is_active": true,
    "achievements": "",
    "x": "",
    "facebook": "",
    "instagram": "",
    "youtube": ""
  }
},
{
  "model": "players.player",
  "pk": 52,
  "fields": {
    "created_at": "2025-10-25T16:19:49.312Z",
    "updated_at": "2025-10-25T16:19:49.312Z",
    "name": "Nosia",
    "slug": "nosia",
    "ign": "Nosia",
    "photo": "player/photos/nosia.png",
    "role": "GOLD",
    "date_of_birth": null,
    "nationality": "PH",
    "is_active": true,
    "achievements": "",
    "x": "",
    "facebook": "",
    "instagram": "",
    "youtube": ""
  }
},
{
  "model": "players.player",
  "pk": 53,
  "fields": {
    "created_at": "2025-10-25T16:20:30.031Z",
    "updated_at": "2025-10-25T16:20:30.031Z",
    "name": "Sionnn",
    "slug": "sionnn",
    "ign": "Sionnn",
    "photo": "player/photos/sionnn.png",
    "role": "MID",
    "date_of_birth": null,
    "nationality": "PH",
    "is_active": true,
    "achievements": "",
    "x": "",
    "facebook": "",
    "instagram": "",
    "youtube": ""
  }
},
{
  "model": "players.player",
  "pk": 54,
  "fields": {
    "created_at": "2025-10-25T16:21:06.996Z",
    "updated_at": "2025-10-25T16:21:06.996Z",
    "name": "Caloy",
    "slug": "caloy",
    "ign": "Caloy",
    "photo": "player/photos/caloy.png",
    "role": "ROAM",
    "date_of_birth": null,
    "nationality": "PH",
    "is_active": true,
    "achievements": "",
    "x": "",
    "facebook": "",
    "instagram": "",
    "youtube": ""
  }
},
{
  "model": "players.player",
  "pk": 55,
  "fields": {
    "created_at": "2025-10-25T16:21:31.530Z",
    "updated_at": "2025-10-25T16:21:31.530Z",
    "name": "Lansu",
    "slug": "lansu",
    "ign": "Lansu",
    "photo": "player/photos/lansu.png",
    "role": "EXP",
    "date_of_birth": null,
    "nationality": "PH",
    "is_active": true,
    "achievements": "",
    "x": "",
    "facebook": "",
    "instagram": "",
    "youtube": ""
  }
},
{
  "model": "players.player",
  "pk": 56,
  "fields": {
    "created_at": "2025-10-25T16:26:42.695Z",
    "updated_at": "2025-10-25T16:26:42.695Z",
    "name": "xNova",
    "slug": "xnova",
    "ign": "xNova",
    "photo": "player/photos/xnova.png",
    "role": "ROAM",
    "date_of_birth": null,
    "nationality": "PH",
    "is_active": true,
    "achievements": "",
    "x": "",
    "facebook": "",
    "instagram": "",
    "youtube": ""
  }
},
{
  "model": "players.playermembership",
  "pk": 6,
  "fields": {
    "created_at": "2025-10-19T13:14:59.925Z",
    "updated_at": "2025-10-19T13:14:59.925Z",
    "player": 8,
    "team": 6,
    "role_at_team": "JUNGLE",
    "start_date": "2025-08-01",
    "end_date": "2026-02-28",
    "is_starter": true
  }
},
{
  "model": "players.playermembership",
  "pk": 7,
  "fields": {
    "created_at": "2025-10-19T13:14:59.926Z",
    "updated_at": "2025-10-19T13:14:59.926Z",
    "player": 9,
    "team": 6,
    "role_at_team": "GOLD",
    "start_date": "2025-08-01",
    "end_date": "2026-02-28",
    "is_starter": true
  }
},
{
  "model": "players.playermembership",
  "pk": 8,
  "fields": {
    "created_at": "2025-10-19T13:14:59.927Z",
    "updated_at": "2025-10-19T13:14:59.927Z",
    "player": 10,
    "team": 6,
    "role_at_team": "EXP",
    "start_date": "2025-08-01",
    "end_date": "2026-02-28",
    "is_starter": true
  }
},
{
  "model": "players.playermembership",
  "pk": 9,
  "fields": {
    "created_at": "2025-10-19T13:20:30.991Z",
    "updated_at": "2025-10-19T13:20:30.991Z",
    "player": 13,
    "team": 6,
    "role_at_team": "JUNGLE",
    "start_date": "2025-08-01",
    "end_date": "2026-02-28",
    "is_starter": false
  }
},
{
  "model": "players.playermembership",
  "pk": 10,
  "fields": {
    "created_at": "2025-10-19T13:20:30.992Z",
    "updated_at": "2025-10-19T13:20:30.992Z",
    "player": 12,
    "team": 6,
    "role_at_team": "ROAM",
    "start_date": "2025-08-01",
    "end_date": "2026-02-28",
    "is_starter": true
  }
},
{
  "model": "players.playermembership",
  "pk": 11,
  "fields": {
    "created_at": "2025-10-19T13:20:30.992Z",
    "updated_at": "2025-10-19T13:20:30.992Z",
    "player": 14,
    "team": 6,
    "role_at_team": "MID",
    "start_date": "2025-08-01",
    "end_date": "2026-02-28",
    "is_starter": true
  }
},
{
  "model": "players.playermembership",
  "pk": 12,
  "fields": {
    "created_at": "2025-10-19T13:21:54.564Z",
    "updated_at": "2025-10-19T13:21:54.564Z",
    "player": 11,
    "team": 7,
    "role_at_team": "MID",
    "start_date": "2025-08-01",
    "end_date": "2026-02-28",
    "is_starter": true
  }
},
{
  "model": "players.playermembership",
  "pk": 13,
  "fields": {
    "created_at": "2025-10-19T13:35:56.336Z",
    "updated_at": "2025-10-19T13:35:56.336Z",
    "player": 20,
    "team": 7,
    "role_at_team": "ROAM",
    "start_date": "2025-08-01",
    "end_date": "2026-02-28",
    "is_starter": true
  }
},
{
  "model": "players.playermembership",
  "pk": 14,
  "fields": {
    "created_at": "2025-10-19T13:35:56.336Z",
    "updated_at": "2025-10-19T13:35:56.336Z",
    "player": 16,
    "team": 7,
    "role_at_team": "MID",
    "start_date": "2025-08-01",
    "end_date": "2026-02-28",
    "is_starter": false
  }
},
{
  "model": "players.playermembership",
  "pk": 15,
  "fields": {
    "created_at": "2025-10-19T13:35:56.337Z",
    "updated_at": "2025-10-19T13:35:56.337Z",
    "player": 18,
    "team": 7,
    "role_at_team": "JUNGLE",
    "start_date": "2025-08-01",
    "end_date": "2026-02-01",
    "is_starter": true
  }
},
{
  "model": "players.playermembership",
  "pk": 16,
  "fields": {
    "created_at": "2025-10-19T13:35:56.337Z",
    "updated_at": "2025-10-19T13:35:56.337Z",
    "player": 17,
    "team": 7,
    "role_at_team": "GOLD",
    "start_date": "2025-08-01",
    "end_date": "2026-02-28",
    "is_starter": true
  }
},
{
  "model": "players.playermembership",
  "pk": 17,
  "fields": {
    "created_at": "2025-10-19T13:35:56.338Z",
    "updated_at": "2025-10-19T13:35:56.338Z",
    "player": 19,
    "team": 7,
    "role_at_team": "EXP",
    "start_date": "2025-08-01",
    "end_date": "2026-02-28",
    "is_starter": true
  }
},
{
  "model": "players.playermembership",
  "pk": 18,
  "fields": {
    "created_at": "2025-10-19T13:35:56.338Z",
    "updated_at": "2025-10-19T13:35:56.338Z",
    "player": 15,
    "team": 7,
    "role_at_team": "EXP",
    "start_date": "2025-08-01",
    "end_date": "2026-02-28",
    "is_starter": false
  }
},
{
  "model": "players.playermembership",
  "pk": 19,
  "fields": {
    "created_at": "2025-10-25T15:05:20.225Z",
    "updated_at": "2025-10-25T15:05:20.225Z",
    "player": 23,
    "team": 8,
    "role_at_team": "MID",
    "start_date": "2025-08-22",
    "end_date": "2025-12-31",
    "is_starter": false
  }
},
{
  "model": "players.playermembership",
  "pk": 20,
  "fields": {
    "created_at": "2025-10-25T15:13:47.673Z",
    "updated_at": "2025-10-25T15:13:47.673Z",
    "player": 26,
    "team": 8,
    "role_at_team": "MID",
    "start_date": "2025-08-22",
    "end_date": "2026-04-30",
    "is_starter": true
  }
},
{
  "model": "players.playermembership",
  "pk": 21,
  "fields": {
    "created_at": "2025-10-25T15:13:47.674Z",
    "updated_at": "2025-10-25T15:14:56.481Z",
    "player": 24,
    "team": 8,
    "role_at_team": "JUNGLE",
    "start_date": "2025-08-22",
    "end_date": "2026-04-30",
    "is_starter": true
  }
},
{
  "model": "players.playermembership",
  "pk": 22,
  "fields": {
    "created_at": "2025-10-25T15:13:47.674Z",
    "updated_at": "2025-10-25T15:14:56.481Z",
    "player": 27,
    "team": 8,
    "role_at_team": "EXP",
    "start_date": "2025-08-22",
    "end_date": "2026-04-30",
    "is_starter": true
  }
},
{
  "model": "players.playermembership",
  "pk": 23,
  "fields": {
    "created_at": "2025-10-25T15:14:32.314Z",
    "updated_at": "2025-10-25T15:14:32.314Z",
    "player": 25,
    "team": 8,
    "role_at_team": "GOLD",
    "start_date": "2025-08-22",
    "end_date": "2026-04-30",
    "is_starter": true
  }
},
{
  "model": "players.playermembership",
  "pk": 24,
  "fields": {
    "created_at": "2025-10-25T15:44:25.158Z",
    "updated_at": "2025-10-25T15:44:25.158Z",
    "player": 32,
    "team": 9,
    "role_at_team": "MID",
    "start_date": "2025-08-22",
    "end_date": "2026-04-30",
    "is_starter": true
  }
},
{
  "model": "players.playermembership",
  "pk": 25,
  "fields": {
    "created_at": "2025-10-25T15:44:25.159Z",
    "updated_at": "2025-10-25T15:44:25.159Z",
    "player": 29,
    "team": 9,
    "role_at_team": "EXP",
    "start_date": "2025-08-22",
    "end_date": "2026-04-30",
    "is_starter": true
  }
},
{
  "model": "players.playermembership",
  "pk": 26,
  "fields": {
    "created_at": "2025-10-25T15:44:25.160Z",
    "updated_at": "2025-10-25T15:44:25.160Z",
    "player": 22,
    "team": 9,
    "role_at_team": "JUNGLE",
    "start_date": "2025-08-22",
    "end_date": "2026-04-30",
    "is_starter": true
  }
},
{
  "model": "players.playermembership",
  "pk": 27,
  "fields": {
    "created_at": "2025-10-25T15:46:59.468Z",
    "updated_at": "2025-10-25T15:46:59.468Z",
    "player": 30,
    "team": 9,
    "role_at_team": "GOLD",
    "start_date": "2025-08-22",
    "end_date": "2026-04-30",
    "is_starter": true
  }
},
{
  "model": "players.playermembership",
  "pk": 28,
  "fields": {
    "created_at": "2025-10-25T15:46:59.468Z",
    "updated_at": "2025-10-25T15:46:59.468Z",
    "player": 31,
    "team": 9,
    "role_at_team": "JUNGLE",
    "start_date": "2025-08-22",
    "end_date": "2026-04-30",
    "is_starter": false
  }
},
{
  "model": "players.playermembership",
  "pk": 29,
  "fields": {
    "created_at": "2025-10-25T15:46:59.469Z",
    "updated_at": "2025-10-25T15:47:45.528Z",
    "player": 28,
    "team": 9,
    "role_at_team": "ROAM",
    "start_date": "2025-08-01",
    "end_date": "2026-04-30",
    "is_starter": true
  }
},
{
  "model": "players.playermembership",
  "pk": 30,
  "fields": {
    "created_at": "2025-10-25T15:57:00.648Z",
    "updated_at": "2025-10-25T15:57:00.648Z",
    "player": 38,
    "team": 11,
    "role_at_team": "EXP",
    "start_date": "2025-08-22",
    "end_date": "2026-04-30",
    "is_starter": false
  }
},
{
  "model": "players.playermembership",
  "pk": 31,
  "fields": {
    "created_at": "2025-10-25T15:57:00.649Z",
    "updated_at": "2025-10-25T15:57:00.649Z",
    "player": 34,
    "team": 11,
    "role_at_team": "EXP",
    "start_date": "2025-08-22",
    "end_date": "2026-04-30",
    "is_starter": true
  }
},
{
  "model": "players.playermembership",
  "pk": 32,
  "fields": {
    "created_at": "2025-10-25T15:57:00.649Z",
    "updated_at": "2025-10-25T15:57:00.649Z",
    "player": 35,
    "team": 11,
    "role_at_team": "JUNGLE",
    "start_date": "2025-08-22",
    "end_date": "2026-04-30",
    "is_starter": true
  }
},
{
  "model": "players.playermembership",
  "pk": 33,
  "fields": {
    "created_at": "2025-10-25T15:57:00.650Z",
    "updated_at": "2025-10-25T15:57:00.650Z",
    "player": 36,
    "team": 11,
    "role_at_team": "ROAM",
    "start_date": "2025-08-22",
    "end_date": "2026-04-30",
    "is_starter": true
  }
},
{
  "model": "players.playermembership",
  "pk": 34,
  "fields": {
    "created_at": "2025-10-25T15:57:00.650Z",
    "updated_at": "2025-10-25T15:57:00.650Z",
    "player": 33,
    "team": 11,
    "role_at_team": "MID",
    "start_date": "2025-08-22",
    "end_date": "2026-04-30",
    "is_starter": true
  }
},
{
  "model": "players.playermembership",
  "pk": 35,
  "fields": {
    "created_at": "2025-10-25T15:57:24.116Z",
    "updated_at": "2025-10-25T15:57:24.116Z",
    "player": 37,
    "team": 11,
    "role_at_team": "GOLD",
    "start_date": "2025-08-01",
    "end_date": "2026-04-30",
    "is_starter": true
  }
},
{
  "model": "players.playermembership",
  "pk": 36,
  "fields": {
    "created_at": "2025-10-25T16:05:31.078Z",
    "updated_at": "2025-10-25T16:05:31.078Z",
    "player": 40,
    "team": 13,
    "role_at_team": "EXP",
    "start_date": "2025-08-22",
    "end_date": "2026-04-30",
    "is_starter": true
  }
},
{
  "model": "players.playermembership",
  "pk": 37,
  "fields": {
    "created_at": "2025-10-25T16:05:31.079Z",
    "updated_at": "2025-10-25T16:05:31.079Z",
    "player": 41,
    "team": 13,
    "role_at_team": "GOLD",
    "start_date": "2025-08-22",
    "end_date": "2026-04-30",
    "is_starter": true
  }
},
{
  "model": "players.playermembership",
  "pk": 38,
  "fields": {
    "created_at": "2025-10-25T16:05:31.080Z",
    "updated_at": "2025-10-25T16:05:31.080Z",
    "player": 21,
    "team": 13,
    "role_at_team": "ROAM",
    "start_date": "2025-08-22",
    "end_date": "2026-04-30",
    "is_starter": true
  }
},
{
  "model": "players.playermembership",
  "pk": 39,
  "fields": {
    "created_at": "2025-10-25T16:05:31.080Z",
    "updated_at": "2025-10-25T16:05:31.080Z",
    "player": 42,
    "team": 13,
    "role_at_team": "GOLD",
    "start_date": "2025-08-22",
    "end_date": "2026-04-30",
    "is_starter": false
  }
},
{
  "model": "players.playermembership",
  "pk": 40,
  "fields": {
    "created_at": "2025-10-25T16:05:31.081Z",
    "updated_at": "2025-10-25T16:05:31.081Z",
    "player": 39,
    "team": 13,
    "role_at_team": "MID",
    "start_date": "2025-08-22",
    "end_date": "2026-04-30",
    "is_starter": true
  }
},
{
  "model": "players.playermembership",
  "pk": 41,
  "fields": {
    "created_at": "2025-10-25T16:05:31.081Z",
    "updated_at": "2025-10-25T16:05:31.081Z",
    "player": 43,
    "team": 13,
    "role_at_team": "JUNGLE",
    "start_date": "2025-08-01",
    "end_date": "2026-04-30",
    "is_starter": true
  }
},
{
  "model": "players.playermembership",
  "pk": 42,
  "fields": {
    "created_at": "2025-10-25T16:13:19.449Z",
    "updated_at": "2025-10-25T16:13:19.449Z",
    "player": 45,
    "team": 12,
    "role_at_team": "ROAM",
    "start_date": "2025-08-22",
    "end_date": "2026-04-30",
    "is_starter": true
  }
},
{
  "model": "players.playermembership",
  "pk": 43,
  "fields": {
    "created_at": "2025-10-25T16:13:19.450Z",
    "updated_at": "2025-10-25T16:13:19.450Z",
    "player": 44,
    "team": 12,
    "role_at_team": "JUNGLE",
    "start_date": "2025-08-22",
    "end_date": "2026-04-30",
    "is_starter": true
  }
},
{
  "model": "players.playermembership",
  "pk": 44,
  "fields": {
    "created_at": "2025-10-25T16:13:19.450Z",
    "updated_at": "2025-10-25T16:13:19.450Z",
    "player": 48,
    "team": 12,
    "role_at_team": "GOLD",
    "start_date": "2025-08-22",
    "end_date": "2026-04-30",
    "is_starter": true
  }
},
{
  "model": "players.playermembership",
  "pk": 45,
  "fields": {
    "created_at": "2025-10-25T16:13:19.451Z",
    "updated_at": "2025-10-25T16:13:19.451Z",
    "player": 49,
    "team": 12,
    "role_at_team": "EXP",
    "start_date": "2025-08-22",
    "end_date": "2026-04-30",
    "is_starter": false
  }
},
{
  "model": "players.playermembership",
  "pk": 46,
  "fields": {
    "created_at": "2025-10-25T16:13:19.451Z",
    "updated_at": "2025-10-25T16:13:19.451Z",
    "player": 46,
    "team": 12,
    "role_at_team": "EXP",
    "start_date": "2025-08-22",
    "end_date": "2026-04-30",
    "is_starter": true
  }
},
{
  "model": "players.playermembership",
  "pk": 47,
  "fields": {
    "created_at": "2025-10-25T16:13:19.451Z",
    "updated_at": "2025-10-25T16:13:19.451Z",
    "player": 47,
    "team": 12,
    "role_at_team": "MID",
    "start_date": "2025-08-01",
    "end_date": "2026-04-30",
    "is_starter": true
  }
},
{
  "model": "players.playermembership",
  "pk": 48,
  "fields": {
    "created_at": "2025-10-25T16:24:01.164Z",
    "updated_at": "2025-10-25T16:24:01.164Z",
    "player": 54,
    "team": 14,
    "role_at_team": "ROAM",
    "start_date": "2025-08-22",
    "end_date": "2026-04-30",
    "is_starter": true
  }
},
{
  "model": "players.playermembership",
  "pk": 49,
  "fields": {
    "created_at": "2025-10-25T16:24:01.164Z",
    "updated_at": "2025-10-25T16:24:01.164Z",
    "player": 55,
    "team": 14,
    "role_at_team": "EXP",
    "start_date": "2025-08-22",
    "end_date": "2026-04-30",
    "is_starter": true
  }
},
{
  "model": "players.playermembership",
  "pk": 50,
  "fields": {
    "created_at": "2025-10-25T16:24:01.165Z",
    "updated_at": "2025-10-25T16:24:01.165Z",
    "player": 50,
    "team": 14,
    "role_at_team": "JUNGLE",
    "start_date": "2025-08-22",
    "end_date": "2026-04-30",
    "is_starter": true
  }
},
{
  "model": "players.playermembership",
  "pk": 51,
  "fields": {
    "created_at": "2025-10-25T16:24:01.165Z",
    "updated_at": "2025-10-25T16:24:01.165Z",
    "player": 52,
    "team": 14,
    "role_at_team": "GOLD",
    "start_date": "2025-08-22",
    "end_date": "2026-04-30",
    "is_starter": true
  }
},
{
  "model": "players.playermembership",
  "pk": 52,
  "fields": {
    "created_at": "2025-10-25T16:24:01.165Z",
    "updated_at": "2025-10-25T16:24:01.165Z",
    "player": 51,
    "team": 14,
    "role_at_team": "JUNGLE",
    "start_date": "2025-08-22",
    "end_date": "2026-04-30",
    "is_starter": true
  }
},
{
  "model": "players.playermembership",
  "pk": 53,
  "fields": {
    "created_at": "2025-10-25T16:24:01.166Z",
    "updated_at": "2025-10-25T16:24:01.166Z",
    "player": 53,
    "team": 14,
    "role_at_team": "MID",
    "start_date": "2025-08-01",
    "end_date": "2026-04-30",
    "is_starter": true
  }
},
{
  "model": "players.playermembership",
  "pk": 54,
  "fields": {
    "created_at": "2025-10-25T16:27:17.447Z",
    "updated_at": "2025-10-25T16:27:17.447Z",
    "player": 56,
    "team": 8,
    "role_at_team": "ROAM",
    "start_date": "2025-08-01",
    "end_date": "2026-04-30",
    "is_starter": true
  }
},
{
  "model": "staff.staff",
  "pk": 3,
  "fields": {
    "created_at": "2025-10-25T15:40:09.619Z",
    "updated_at": "2025-10-25T15:41:21.971Z",
    "name": "E2MAX",
    "slug": "e2max",
    "handle": "E2MAX",
    "photo": "staff/photos/e2max_jNvVnFr.png",
    "primary_role": "HEAD_COACH",
    "nationality": "PH",
    "is_active": true,
    "bio": "",
    "achievements": "",
    "x": "",
    "facebook": "",
    "instagram": "",
    "youtube": ""
  }
},
{
  "model": "heroes.hero",
  "pk": 2,
  "fields": {
    "created_at": "2025-10-19T07:10:25.121Z",
    "updated_at": "2025-10-19T07:10:25.121Z",
    "name": "Fredrinn",
    "slug": "fredrinn",
    "primary_class": "FIGHTER",
    "secondary_class": "TANK",
    "hero_icon": "heroes/icons/fredrinn.png"
  }
},
{
  "model": "heroes.hero",
  "pk": 3,
  "fields": {
    "created_at": "2025-10-19T07:11:41.179Z",
    "updated_at": "2025-10-19T07:11:41.179Z",
    "name": "Obsidia",
    "slug": "obsidia",
    "primary_class": "MARKSMAN",
    "secondary_class": null,
    "hero_icon": "heroes/icons/obsidia.png"
  }
}
]
